Workbook

Sheet HT
A1: NO | B1: AGGREMENT NUMBER | C1: NAME | D1: ADDRESS | E1: BILLING GROUP | F1: PHONE NUMBER | G1: BOX NO | H1: NO OF BOX | I1: CONTRACTDATE | J1: NIC
A2: 1 | B2: 1150002/1150541 | C2: THANGAMALIGAI NADESAN | D2: NO:38/40 | E2: CIRCULAR ROAD | F2: 763439944/512222319 | H2: 5
A3: 2 | B3: 1150003 | C3: SIVA TELEPRINT | D3: NO:49/5 | E3: CIRCULAR ROAD | F3: 773481900 | G3: 51154 | H3: 1
A4: 3 | B4: 1151325 | C4: N.MANIKAM(NALAI VILAS) | D4: NO:33,SIDE STREET | E4: HATTON TOWN | F4: 729049690 | G4: 459704 | H4: 1
A5: 4 | B5: 1150088 | C5: ASAD | E5: CIRCULAR ROAD | F5: 777536535 | G5: 601539/243126 | H5: 2 | J5: 801652743V
A6: 5 | B6: 1151479 | C6: S.LORANCE | D6: NO:29 | E6: MENDIS MAWATHA | F6: 772634189 | G6: 632615 | H6: 1 | I6: 45763 | J6: 198235401830
A7: 6 | B7: 1150944 | C7: WA.KANCHANA CHANDAMALI | D7: NO:29/18 | E7: MENDIS MAWATHA | F7: 766879035 | G7: 220874 | H7: 1 | I7: 45581 | J7: 885030750V
A8: 7 | B8: 1150848 | C8: C.SIVA (RATHIKA) | D8: NO:88/5 | E8: MENDIS MAWATHA | F8: 770080231 | G8: 291511 | H8: 1 | I8: 45561
A9: 8 | B9: 1150505 | C9: S.IRFAN(STAR SOUND) | D9: NO:227 | E9: DIMBULLA ROAD | F9: 765621201/778707642 | G9: 34440 | H9: 1 | I9: 45203
A10: 9 | B10: 1150023 | C10: SUBOTHINI DHANUJAN[NODE] | D10: NO:23 | E10: MARKET | F10: 770437777 | H10: 1 | J10: 782350161V
A11: 10 | B11: 1150025 | C11: SELVARAJ | D11: NO:19/1,SF RD | E11: MARKET | F11: 775934701 | G11: 232574 | H11: 1 | J11: 607213712X
A12: 11 | B12: 1150199 | C12: DR.SUDHARSHAN | E12: HATTON HOUSE | F12: 771634193 | G12: 530472/517287 | H12: 2 | I12: 45765
A13: 12 | B13: 1150596 | C13: S.BATHMAVATHI | D13: NO:49/A | E13: MENDIS MAWATHA | F13: 776208315 | G13: 127392 | H13: 1 | I13: 45298 | J13: 597561920V
A14: 13 | C14: THIRUCHELVAM | D14: NO:180/12 | E14: HATTON HOUSE | F14: 512225647 | H14: 1
A15: 14 | C15: VAMADEVAN SIR (NODE) | E15: MENDIS MAWATHA | F15: 772645925 | H15: 1
A16: 15 | B16: 1150968 | C16: M.NAGAJOTHY | D16: NO:52A | E16: MENDIS MAWATHA | F16: 777715268 | G16: 265135 | H16: 1 | I16: 45588 | J16: 196384503851
A17: 16 | B17: 1151074 | C17: S.CHANDRAMOHAN | D17: NO:57A | E17: ARIYAGAMA | F17: 766467107/762122835 | G17: 95300 | H17: 1 | I17: 45601
A18: 17 | B18: 1150509 | C18: R.GOKULARAJ | D18: NO:57A | E18: B.TOWN | F18: 701236234/719197316 | G18: 112667 | H18: 1
A19: 18 | B19: 1150964 | C19: M.ANTHONY JAYANTHY | D19: NO:29/11A | E19: MENDIS MAWATHA | F19: 714482149 | G19: 274087 | H19: 1 | I19: 45586
A20: 19 | B20: 1150315 | C20: S.CHANDRAKUMARI | D20: NO:32/62 | E20: B.TOWN | F20: 718556455/713180907 | G20: 665867 | H20: 1 | I20: 45130
A21: 20 | B21: 1151061 | C21: ML.ALIL | D21: NO:13 | E21: HIJIRAPURA | F21: 716584622 | G21: 245822 | H21: 1 | I21: 45601 | J21: 516162279V
A22: 21 | B22: 1150748 | C22: A.PARVATHI | D22: NO:65/5A | E22: MENDIS MAWATHA | F22: 766563082/767688730 | G22: ="0"&91572 -> 091572 | H22: 1 | I22: 45496 | J22: 912590780V
A23: 22 | B23: 1150279 | C23: L.VELAYUDHAM | D23: NO:40A | E23: HIJIRAPURA | F23: 767688730/766563082 | G23: 324644 | H23: 1
A24: 23 | B24: 1150999 | C24: R.PATHMANATHAN(B.SUTHARSHAN) | D24: NO:33/A | E24: SAI STREET | F24: 779590321/777140440 | G24: 320252 | H24: 1 | I24: 45591 | J24: 952840266V
A25: 24 | B25: 1150588 | C25: S.SELVANAYAGAM(TELE STAR) | D25: NO:69/5 | E25: DUNBAR ROAD | F25: 716464058 | G25: 143498 | H25: 1 | I25: 45294 | J25: 651293162V
A26: 25 | B26: 1150133 | C26: MUTHALIF (NODE) | E26: B.TOWN | F26: 713515100 | G26: 276787 | H26: 1 | I26: 44329 | J26: 593542300V
A27: 26 | B27: 1150997 | C27: S.BALASUNDHRAM | D27: NO:79/13 | E27: BJAU KOTTAGE | F27: 779702193 | G27: 306061 | H27: 1 | I27: 45591 | J27: 195807903290
A28: 27 | B28: 1151534 | C28: SIVA SIR | D28: NO:79/15 | E28: BJAU KOTTAGE | F28: 718396848 | G28: 120852 | H28: 1
A29: 28 | B29: 1150513 | C29: G.ABRAHAM | D29: NO:90 | E29: B.TOWN | F29: 775871249 | G29: 148315 | H29: 1 | I29: 45218
A30: 29 | B30: 1150514 | C30: P.SATHIYANATHAN | D30: NO:108/11 | E30: SAMANALAGAMA | F30: 774083007 | G30: 119522 | H30: 1 | I30: 45218
A31: 30 | B31: 1150517 | C31: R.NANDHAKUMAR | D31: NO:295/1/1 | E31: DIMBULLA ROAD | F31: 773848617 | G31: 111362 | H31: 1 | I31: 45222
A32: 31 | B32: 1150026 | C32: KUMARASAMY | D32: NO:77E | E32: BJAU KOTTAGE | F32: 770699564/705300000 | G32: 493035 | H32: 1
A33: 32 | B33: 1150612 | C33: KOMATHY GANESHAN | D33: NO:81 | E33: BJAU KOTTAGE | F33: 512222392 | G33: ="0"&87406 -> 087406 | H33: 1 | I33: 45307 | J33: 196550900312
A34: 33 | B34: 1150044 | C34: HATTON PRINTERS | D34: NO:4 | E34: DUMBRUGIRIYA | F34: 776009120 | G34: 563549 | H34: 1
A35: 34 | B35: 1150794 | C35: SHARMILA | D35: NO:79/3 | E35: BJAU KOTTAGE | F35: 777797963/512224906 | G35: ="0"&61450 -> 061450 | H35: 1 | I35: 45531 | J35: 198079703207
A36: 35 | B36: 1150319 | C36: P.CHANDRASEKARAN | E36: CIRCULAR ROAD | F36: 778833582 | G36: 646972 | H36: 1
A37: 36 | B37: 1150675 | C37: M.SELVATHURAI | D37: NO:5,NHS | E37: DUMBRUGIRIYA | F37: 512222913 | G37: 141674 | H37: 1 | I37: 45416 | J37: 492972649V
A38: 37 | B38: 1150520 | C38: S.KARTHISVARAN | D38: NO:93/A | E38: DUMBRUGIRIYA | F38: 779579366 | G38: 115694 | H38: 1
A39: 38 | B39: 1151044 | C39: RAVI TAILOR SHOP | E39: BJAU KOTTAGE | F39: 777517347 | G39: 333438 | H39: 1 | I39: 45599 | J39: 741450674V
A40: 39 | B40: 1150522 | C40: C.SIVARAJA MAYURAN | E40: B.TOWN | F40: 714333052/757512306 | G40: 24599 | H40: 1 | I40: 45236
A41: 40 | B41: 1150468 | C41: HARICHANDRAN (RANJANAS CERAMIC) | E41: MR TOWN | F41: 777517176 | G41: 103716 | H41: 1 | I41: 45518 | J41: 633062404v
A42: 41 | B42: 1150008 | C42: MOHAMAD ANSAR | E42: CIRCULAR ROAD | F42: 777073582 | G42: 499728 | H42: 1 | J42: 622743965V
A43: 42 | B43: 1150904 | C43: T.KRISHNASAMI(KRISHNA TAX) | D43: NO:81/86 | E43: DUNBAR ROAD | F43: 704990603 | G43: 257702 | H43: 1 | I43: 45576 | J43: 200023104202
A44: 43 | B44: 1150307 | C44: ARJUNA KUMAR | E44: DUNBAR ROAD | F44: 777747958 | G44: 221858 | H44: 1
A45: 44 | B45: 1150526 | C45: V.SAROJINI | D45: NO:29/2 | E45: MARKET | F45: 774010894 | H45: 1
A46: 45 | B46: 1150006 | C46: NANDHAKUMAR | E46: BJAU KOTTAGE | F46: 779910777 | G46: 596358 | H46: 1 | J46: 780340576V
A47: 46 | B47: 1150065 | C47: HATTON POLICE (HQI OFFICE) | E47: HATTON POLICE | F47: 512222222 | G47: 549589 | H47: 1
A48: 47 | B48: 1150233 | C48: SIRAJ(NODE) | D48: NO:47 | E48: CIRCULAR ROAD | F48: 766793842 | G48: 763298 | H48: 1 | J48: 720063166X
A49: 48 | B49: 1150558 | C49: MAGALINGAM (RENUKA DEVI) | D49: NO:81/6 | E49: BJAU KOTTAGE | F49: 716114649 | G49: 137508 | H49: 1 | I49: 45280 | J49: 196223001832
A50: 49 | B50: 1150551 | C50: VIKNESVARA KUMAR(JP) | D50: NO:81/6 | E50: BJAU KOTTAGE | F50: 512222058/770132288 | G50: ="0"&16454 -> 016454 | H50: 1 | I50: 45278 | J50: 572421562V
A51: 50 | B51: 1150527 | C51: P.KIRUBAHARAN | D51: NO:19/43/1 | E51: ARIYAGAMA | F51: 773225752/777440128 | G51: 122534 | H51: 1 | I51: 45241
A52: 51 | B52: 1150531 | C52: MIDREPALA PARASE | D52: NO:32/17 | E52: MARKET | F52: 751814756 | G52: 136237 | H52: 1 | I52: 45610
A53: 52 | B53: 1150684 | C53: RASI JEWELLERS (BATHMANATHAN) | E53: DIMBULLA ROAD | F53: 777519845 | G53: 146780 | H53: 1 | I53: 45513 | J53: 197325100664
A54: 53 | B54: 1150535 | C54: FAIZAL AHAMAD | D54: NO:92 | E54: SIDE STREET | F54: 759097723 | G54: 34291 | H54: 1 | I54: 45252
A55: 54 | B55: 1150538 | C55: B.PRABAHARAN | D55: NO:48/31 | E55: SAMANALAGAMA | F55: 772998943/719990099 | G55: 120298 | H55: 1 | I55: 45253
A56: 55 | B56: 1151535 | C56: S.HARISH | D56: NO:29/4 | E56: MARKET | F56: 773588445 | G56: 735247 | H56: 1
A57: 56 | B57: 1150762 | C57: MC.MUBARAK | D57: NO:215B/3 | E57: DICKOYA ROAD | F57: 777835010 | G57: 126840 | H57: 1 | I57: 45503
A58: 57 | B58: 1150954 | C58: S.RAMARAJ | E58: DUMBRUGIRIYA | F58: 777861417 | G58: 377872 | H58: 1 | I58: 45583
A59: 58 | B59: 1150295 | C59: P.YOGESHVARAN (SAGI STORES) | D59: NO:1,1ST LANE | E59: DUMBRUGIRIYA | F59: 777320298 | G59: 276696 | H59: 1 | I59: 45609 | J59: 196725910070
A60: 59 | B60: 1151228 | C60: V.GOBALA KRISHNAN | D60: NO:42/5C | E60: DUMBRUGIRIYA | F60: 778610196 | G60: 231145 | H60: 1 | I60: 45609 | J60: 633001006x
A61: 60 | B61: 1150034 | C61: KRISHNAMOORTHI SAMI | D61: NO:185 | E61: DIMBULLA ROAD | F61: 774048581 | G61: 602602 | H61: 1
A62: 61 | B62: 1151378 | C62: T.THILAGASUNDAR | D62: NO:45 | E62: B.TOWN | F62: 763736686 | G62: 740178 | H62: 1
A63: 62 | B63: 1150125 | C63: M.M.FAUSER | D63: NO:40/2 | E63: HIJIRAPURA | F63: 775214111/773885637 | G63: 520069 | H63: 1
A64: 63 | B64: 1150452 | C64: K.DAYALANTHINI | D64: NO:137/A | E64: DUMBRUGIRIYA | F64: 778074193/512224230 | G64: 142805 | H64: 1 | I64: 45514 | J64: 846621717V
A65: 64 | B65: 1150035 | C65: BALASUBRAMANIYAM SHARMA | D65: N0:185 | E65: DIMBULLA ROAD | F65: 512222645 | G65: 575824 | H65: 1
A66: 65 | B66: 1151372 | C66: R.BABU | D66: NO:85B | E66: DUMBRUGIRIYA | F66: 768751879 | G66: 605942 | H66: 1 | I66: 45697 | J66: 772820909X
A67: 66 | B67: 1151385 | C67: S.KOBINATH | D67: NO:38C | E67: HIJIRAPURA | F67: 758883431 | G67: 533714 | H67: 1 | I67: 45706 | J67: 199303604215
A68: 67 | B68: 1151552 | C68: V.KALIMUTHU | D68: NO:8/1E | E68: APPROCH ROAD FRUTILL | F68: 758159869 | G68: 171853 | H68: 1 | I68: 45676 | J68: 410151677V
A69: 68 | B69: 1150576 | C69: BADURDEEN(MORATUWA FURNITURE) | E69: DICKOYA ROAD | F69: 773987776 | G69: ="0"&91259 -> 091259 | H69: 1 | I69: 45288 | J69: 196509204975
A70: 69 | B70: 1151536 | C70: MANO RAJ (COLOMBO STORES) | E70: BUS STAND | F70: 512223020/719708018 | G70: 683603 | H70: 1
A71: 70 | B71: 1151390 | C71: DEEN BAI GARAGE | D71: NO:207 | E71: MR TOWN | F71: 719002055 | G71: 627417 | H71: 1 | I71: 45706 | J71: 672362766X
A72: 71 | B72: 1151396 | C72: M.ASOK | D72: NO:19 | E72: DIMBULLA ROAD | F72: 777632426 | G72: 616808 | H72: 1 | I72: 45708 | J72: 197522700406
A73: 72 | B73: 1150425 | C73: SANGAIYA KALAICHELVAN | D73: NO:21 | E73: BUS STAND | F73: 767725510 | G73: 128648 | H73: 1 | I73: 45226 | J73: 800851700X
A74: 73 | C74: KUTHUS (NODE) | E74: HIJIRAPURA | F74: 777747975 | H74: 1
A75: 74 | B75: 1151052 | C75: K.THURSHANTHINI | D75: SF ROAD | E75: MARKET | F75: 771007463/721245405 | G75: 209117 | H75: 1 | I75: 45600 | J75: 200356411856
A76: 75
A77: 76 | B77: 1150580 | C77: ANANDHA MEDICAL | E77: MENDIS MAWATHA | F77: 775455920 | G77: 123367 | H77: 1 | I77: 45290 | J77: 816331889V
A78: 77 | B78: 1150699 | C78: NAVAS | E78: KANDHAIYA BUILDING | F78: 777533317 | G78: 582879/150238 | H78: 1 | I78: 45464 | J78: 663030981V
A79: 78 | B79: 1150312 | C79: V.RAVINATHAN | D79: NO:60B | E79: B.TOWN | F79: 512222746/773932113 | G79: 632808 | H79: 1 | I79: 44551 | J79: 711331530V
A80: 79 | C80: NODE(DHANAPAL SIR) | E80: SAI STREET | F80: 771471874 | H80: 1
A81: 80 | B81: 1150945 | C81: K.ABDULA | D81: NO:35 | E81: HIJIRAPURA | F81: 770686484 | G81: 165475 | H81: 1 | I81: 45582 | J81: 841292413v
A82: 81 | B82: 1150760 | C82: G.NAGENDRAN | D82: NO:199/57 | E82: DUMBRUGIRIYA | F82: 715231753 | G82: 135445 | H82: 1 | I82: 45501
A83: 82 | B83: 1151376 | C83: P.PARAMASIVAM | D83: NO:36/9 | E83: B.TOWN | F83: 771123414 | G83: 748130 | H83: 1 | I83: 45698
A84: 83 | B84: 1150673 | C84: G.CHANDRASEGARAN | D84: NO:32/15 | E84: DIMBULLA ROAD | F84: 716584451/777838118 | G84: 111461 | H84: 1 | I84: 45459 | J84: 195810002246
A85: 84 | B85: 1150602 | C85: O.RAVEENDRAN | D85: NO:199/57 | E85: DUMBRUGIRIYA | F85: 714871865 | G85: ="0"&97041 -> 097041 | H85: 1 | I85: 45302 | J85: 412110900v
A86: 85 | B86: 1151409 | C86: K.SASIKANTH | D86: NO:19/1 | E86: CIRCULAR ROAD | F86: 766789717/759372813 | G86: 592181 | H86: 1 | I86: 45715 | J86: 197326401017
A87: 86 | B87: 1150038 | C87: S.KRISHNAKUMAR | D87: NO:32/5,BROWNS QUA | E87: HATTON POLICE | F87: 773942047/775679256/512224508 | G87: 627211 | H87: 1
A88: 87 | B88: 1150472 | C88: C.B.M.ISMAIL(FARUK) | D88: NO:14/1 | E88: BUS STAND | F88: 770810082 | G88: 131568 | H88: 1 | I88: 45088
A89: 88 | B89: 1150436 | C89: M ALAGESHAN (SASI REKA) | D89: NO:167/7 | E89: DIMBULLA ROAD | F89: 712297700 | G89: 142813 | H89: 1 | I89: 44985 | J89: 797524204V
A90: 89 | B90: 1150151 | C90: SAMANPURA BAR | D90: NO:9 | E90: HATTON TOWN | F90: 777514440 | G90: 641337 | H90: 1
A91: 90 | B91: 1151355 | C91: T.SABARETHARAN | D91: NO:8 | E91: CIRCULAR ROAD | F91: 779111490 | G91: 427040 | H91: 1 | I91: 45685
A92: 91 | B92: 1150542 | C92: BALA ARJUNA | D92: NO:199/16 | E92: HILL STREET | F92: 771842952 | G92: ="0"&93883 -> 093883 | H92: 1 | I92: 45260 | J92: 696971846x
A93: 92 | B93: 1150111 | C93: LAL SUJEEVA | D93: NO:27/18 | E93: B.TOWN | F93: 712658332/778828452 | G93: 724571 | H93: 1 | J93: 661672030V
A94: 93 | B94: 1151083 | C94: K.DHARMALINGAM | D94: NO:29/3,2ND LINE | E94: HILL STREET | F94: 772853851/770471278 | G94: 454226 | H94: 1 | I94: 45602 | J94: 195306902329
A95: 94 | B95: 1151411 | C95: GOLDEN MAHAL | F95: 777161282 | G95: 539612/519002/390115/479454 | H95: 4 | I95: 45716
A96: 95 | B96: 1150068 | C96: ARJUNA JEWELLERS HOME | D96: NO:79/17 | E96: BJAU KOTTAGE | F96: 512222916 | G96: 498027 | H96: 1
A97: 96 | B97: 1150470 | C97: N.SAKTHI | D97: NO:37/7 | E97: B.TOWN | F97: 774252337 | G97: 134042 | H97: 1 | I97: 45084 | J97: 743653602V
A98: 97 | B98: 1151413 | C98: K.KAVIDHARAJ | D98: NO:369/2 | E98: DIMBULLA ROAD | F98: 774563949/760893949 | G98: 402266 | H98: 1 | I98: 45719 | J98: 792583130V
A99: 98 | B99: 1151307 | C99: RENU(NODE) | E99: DIMBULLA ROAD | F99: 776770497 | G99: 326044 | H99: 1 | I99: 45618 | J99: 748290559V
A100: 99 | B100: 1151416 | C100: V.MALARKODI | D100: NO:102 | E100: ARIYAGAMA | F100: 716109565 | G100: 424187 | H100: 1 | I100: 45720 | J100: 766021514V
...

Sheet ESTATE
A1: NO | B1: AGGREMENT NUMBER | C1: NAME | D1: BILLING GROUP | E1: PHONE | F1: BOX NO | G1: NO OF BOX | H1: CONTRACTDATE | I1: CONTRACTDATE | J1: NIC
A2: 1 | B2: 1150012 | C2: VIGNESH (NODE) | D2: 50 ACER | E2: 765737397/754631194 | F2: 272868 | G2: 1 | H2: 45566
A3: 2 | B3: 1151148 | C3: R.SIVAKUMAR | D3: 50 ACER | E3: 774497524 | F3: 349038 | G3: 1 | H3: 45605 | J3: 441943130X
A4: 3 | B4: 1151147 | C4: S.VIGNESWARAN(PRIYA) | D4: 50 ACER | E4: 768495577/760351414/751619026 | F4: 267057 | G4: 1 | H4: 45606
A5: 4 | D5: 50 ACER
A6: 5 | B6: 1151154 | C6: M.THAYALAN | D6: 50 ACER | E6: 764448344 | F6: 192735 | G6: 1 | H6: 45605
A7: 6 | B7: 1151272 | C7: S.MOORTHY | D7: 50 ACER | E7: 778385466 | F7: 281223 | G7: 1 | H7: 45610
A8: 7 | B8: 1151159 | C8: V.CHANDRAKUMAR | D8: 50 ACER | E8: 764010656/761742113 | F8: 346273 | G8: 1 | H8: 45605
A9: 8 | D9: 50 ACER
A10: 9 | D10: 50 ACER
A11: 10 | B11: 1151567 | C11: R.SUTHA | D11: 50 ACER | E11: 772423006 | F11: 606064 | G11: 1 | H11: 45878
A12: 11 | B12: 1151172 | C12: S.MUNIYANDY | D12: 50 ACER | E12: 767599819 | F12: 389463 | G12: 1 | H12: 45606 | J12: 788066197V
A13: 12 | B13: 1151157 | C13: B.BALA | D13: 50 ACER | E13: 775000703 | F13: 185978 | G13: 1 | H13: 45605
A14: 13 | B14: 1151348 | C14: K.RAMESH (R.NESHANTHINI) | D14: 50 ACER | E14: 751260128/712386048 | F14: 417314 | G14: 1 | H14: 45684 | J14: 885161359V
A15: 14 | B15: 1151155 | C15: R.PRASHANTH | D15: 50 ACER | E15: 770848659 | F15: 298144 | G15: 1 | H15: 45605
A16: 15 | B16: 1151156 | C16: B.PATHMANATHAN | D16: 50 ACER | E16: 772590415/779749476 | F16: 231178 | G16: 1 | H16: 45605
A17: 16 | D17: 50 ACER
A18: 17 | B18: 1151158 | C18: S.SATHEES | D18: 50 ACER | E18: 772423006 | F18: 426349 | G18: 1 | H18: 45605
A19: 18 | B19: 1151150 | C19: S.PRADEEP | D19: 50 ACER | E19: 761177441 | F19: 277452 | G19: 1 | H19: 45606
A20: 19 | D20: 50 ACER
A21: 20 | D21: 50 ACER
A22: 21 | D22: 50 ACER
A23: 22 | D23: 50 ACER
A24: 23 | B24: 1151104 | C24: S.MANSUBIKHAN | D24: 50 ACER | E24: 756847694/774997880 | F24: 455314 | G24: 1 | H24: 45603 | J24: 860252953V
A25: 24 | B25: 1151149 | C25: M.NAGULESHVARAN | D25: 50 ACER | E25: 768687329 | F25: 194939 | G25: 1 | H25: 45605 | J25: 198627010034
A26: 1 | B26: 1150332 | C26: A.GANESHARATNAM | D26: ABBOTSLIGH | E26: 777519204 | F26: 278718 | G26: 1
A27: 2 | B27: 1150854 | C27: KALIYAPPAN DEVI | D27: ABBOTSLIGH | F27: 123953 | G27: 1 | H27: 45565
A28: 3 | D28: ABBOTSLIGH
A29: 4 | B29: 1150287 | C29: DIPA MOHANRAJ | D29: ABBOTSLIGH | E29: 774630388/767476854 | F29: 690715 | G29: 1 | J29: 971920602V
A30: 5 | D30: ABBOTSLIGH
A31: 6 | B31: 1150632 | C31: MAHESHWARAN SATHYA SEELAN | D31: ABBOTSLIGH | E31: 764598820/515688307 | F31: ="0"&54067 -> 054067 | G31: 1 | H31: 45323 | J31: 941022715V
A32: 7 | D32: ABBOTSLIGH
A33: 8 | B33: 1150920 | C33: RATNAVEL GOBINATH | D33: ABBOTSLIGH | E33: 779953183 | F33: ="0"&80062 -> 080062 | G33: 1 | H33: 45577 | J33: 198617802875
A34: 9 | D34: ABBOTSLIGH
A35: 10 | D35: ABBOTSLIGH
A36: 11 | B36: 1150348 | C36: V.MUNUSAMY KANDHAIYA | D36: ABBOTSLIGH | E36: 721417752 | F36: 580659 | G36: 1 | I36: 44730 | J36: 670932796X
A37: 12 | D37: ABBOTSLIGH
A38: 13 | B38: 1150433 | C38: SILAMBARAM PRABAGARAN | D38: ABBOTSLIGH | E38: 742778960 | F38: 128051 | G38: 1 | H38: 44984 | I38: 44984 | J38: 198419502073
A39: 14 | B39: 1150308 | C39: S.DHAYA | D39: ABBOTSLIGH | E39: 769039144 | F39: 590987 | G39: 1 | H39: 45814 | J39: 920823610V
A40: 15 | B40: 1150701 | C40: SATHYA KUMAR KUTTY | D40: ABBOTSLIGH | F40: ="0"&90038 -> 090038 | G40: 1 | H40: 45466 | J40: 952563270V
A41: 16 | D41: ABBOTSLIGH
A42: 17 | B42: 1150234 | C42: PARTHEEBAN (VELU PILLAI) | D42: ABBOTSLIGH | E42: 715758207/778256238 | F42: 309984 | G42: 1 | J42: 923203397V
A43: 18 | B43: 1150829 | C43: B.SELVAKUMAR | D43: ABBOTSLIGH | E43: 771765772 | F43: 111800 | G43: 1 | H43: 45544 | J43: 948420767V
A44: 19 | D44: ABBOTSLIGH
A45: 20 | B45: 1151285 | C45: VELUPILLAI THILAKES | D45: ABBOTSLIGH | E45: 715758207/765753457 | F45: 374135 | G45: 1 | H45: 45611 | J45: 198831702108
A46: 21 | B46: 1150398 | C46: S.KANAGALINGAM | D46: ABBOTSLIGH | E46: 767553679 | F46: 634697 | G46: 1 | I46: 44924 | J46: 903463716V
A47: 22 | B47: 1151511 | C47: P.MUNIYAPPAN | D47: ABBOTSLIGH | E47: 755969488 | F47: 755194 | G47: 1 | H47: 45794 | J47: 642312464X
A48: 23 | B48: 1151145 | C48: V.JEGANADHAN | D48: ABBOTSLIGH | E48: 514906396 | F48: 152184 | G48: 1 | H48: 45605
A49: 24 | B49: 1151144 | C49: MALARCHELVI | D49: ABBOTSLIGH | E49: 771054577 | F49: 100597 | G49: 1 | H49: 45605 | J49: 746512120
A50: 25 | B50: 1150874 | C50: RAMAIYA | D50: ABBOTSLIGH | E50: 776345744 | F50: 157605 | G50: 1 | H50: 45571
A51: 26 | B51: 1151522 | C51: P.RASALINGAM | D51: ABBOTSLIGH | E51: 763111425 | F51: 552615 | G51: 1 | H51: 45811
A52: 27 | D52: ABBOTSLIGH
A53: 28 | B53: 1151301 | C53: SATHEES | D53: ABBOTSLIGH | E53: 723133493 | F53: 15480 | G53: 1 | H53: 45618
A54: 29 | B54: 1151584 | C54: SUBRAMANI SUMATHI | D54: ABBOTSLIGH | E54: 771503954 | F54: 754914 | G54: 1 | H54: 45916
A55: 30 | D55: ABBOTSLIGH
A56: 31 | D56: ABBOTSLIGH
A57: 32 | D57: ABBOTSLIGH
A58: 33 | B58: 1150924 | C58: KALIYAMMA(RUMESH) | D58: ABBOTSLIGH | E58: 767932495 | F58: 118078/286412 | G58: 2 | H58: 45578 | J58: 199303202962
A59: 34 | B59: 1150643 | C59: RAMAKRISHNAN (NODE) | D59: ABBOTSLIGH | E59: 515710196 | F59: 708277 | G59: 1 | H59: 45486
A60: 35 | B60: 1150653 | C60: LINGESHWARAN | D60: ABBOTSLIGH | F60: 145329 | G60: 1 | H60: 45370 | J60: 670064131V
A61: 36 | B61: 1150440 | C61: VELU THIRUCHELVAM(MALINI) | D61: ABBOTSLIGH | E61: 703078895/770559967 | F61: 153745 | G61: 1 | I61: 44993
A62: 37 | B62: 1151607 | C62: R.KRISHNAMOORTHY | D62: ABBOTSLIGH | E62: 764973522 | F62: 734528 | G62: 1 | H62: 45970 | J62: 196625901001
A63: 38 | D63: ABBOTSLIGH
A64: 39 | B64: 1151110 | C64: JEGANADHAN SELLAM | D64: ABBOTSLIGH | E64: 741163690 | F64: 108574 | G64: 1 | H64: 45604 | J64: 195431210149
A65: 40 | B65: 1150741 | C65: P.DHANASEELAN | D65: ABBOTSLIGH | F65: 123169 | G65: 1 | H65: 45492 | J65: 197921401587
A66: 41 | D66: ABBOTSLIGH
A67: 42 | B67: 1150288 | C67: SANGEETHAN | D67: ABBOTSLIGH | F67: 714606 | G67: 1 | J67: 981972945V
A68: 43 | B68: 1150728 | C68: RAKKAMA SARAMESWARI | D68: ABBOTSLIGH | E68: 778123532 | F68: ="0"&61211 -> 061211 | G68: 1 | H68: 45486 | J68: 1971136203369
A69: 44 | D69: ABBOTSLIGH
A70: 45 | B70: 1150765 | C70: RAJI PUTHA RAVI | D70: ABBOTSLIGH | E70: 767550553 | F70: 136336 | G70: 1 | H70: 45518 | J70: 932274124V
A71: 46 | B71: 1151480 | C71: R.UMA JAYANTHI | D71: ABBOTSLIGH | E71: 773189022 | F71: 630361 | G71: 1 | H71: 45763 | J71: 936700420V
A72: 47 | B72: 1150474 | C72: A.JEYARAJ | D72: ABBOTSLIGH | E72: 778594980 | F72: 119134 | G72: 1 | H72: 45093 | I72: 45093
A73: 48 | B73: 1151523 | C73: MOGAN | D73: ABBOTSLIGH | F73: 622004 | G73: 1 | H73: 45811
A74: 49 | B74: 1150713 | C74: THAMARAI CHELVI(SINNA) | D74: ABBOTSLIGH | E74: 762596756/713650721/703984732 | F74: 124035 | G74: 1 | H74: 45478 | J74: 721683923V
A75: 50 | D75: ABBOTSLIGH
A76: 51 | B76: 1150578 | C76: PREMKUMAR DHEVI | D76: ABBOTSLIGH | E76: 752095632 | F76: 144736 | G76: 1 | H76: 45290 | J76: 200208601024
A77: 52 | B77: 1150857 | C77: P.MAGENDRAN | D77: ABBOTSLIGH | F77: 239817 | G77: 1 | H77: 45567
A78: 53 | B78: 1150932 | C78: SIVABALAN MENAGA | D78: ABBOTSLIGH | F78: 278385 | G78: 1 | H78: 45580
A79: 54 | B79: 1150747 | C79: NADARAJ | D79: ABBOTSLIGH | F79: ="0"&97769 -> 097769 | G79: 1 | H79: 45496 | J79: 945724196V
A80: 55 | B80: 1150536 | C80: SUMATHY BALA | D80: ABBOTSLIGH | F80: 135932 | G80: 1 | I80: 45253 | J80: 636522198V
A81: 56 | B81: 1151230 | C81: ABBOTSLIGH KADA(MANO TRADING) | D81: ABBOTSLIGH | E81: 771775358 | F81: 298250 | G81: 1 | H81: 45609
A82: 57 | B82: 1151394 | C82: SEGAR LATHA | D82: ABBOTSLIGH | F82: 657315 | G82: 1 | H82: 45707
A83: 58 | D83: ABBOTSLIGH
A84: 59 | D84: ABBOTSLIGH
A85: 60 | D85: ABBOTSLIGH
A86: 61 | B86: 1151141 | C86: KARIVANDAN INDRA | D86: ABBOTSLIGH | E86: 761509985 | F86: 201155 | G86: 1 | H86: 45605 | J86: 577833915V
A87: 62 | D87: ABBOTSLIGH
A88: 63 | B88: 1150163 | C88: RAJA SASI | D88: ABBOTSLIGH | E88: 712784325 | F88: 233283/653801 | G88: 2 | H88: 45703
A89: 64 | B89: 1150091 | C89: PATTI KANNA | D89: ABBOTSLIGH | E89: 769196277 | F89: 730974 | G89: 1 | H89: 45725 | J89: 860111497V
A90: 65 | B90: 1151481 | C90: BALAKUMAR BALA | D90: ABBOTSLIGH | F90: 673163 | G90: 1 | H90: 45765 | J90: 871104417V
A91: 66 | B91: 1150547 | C91: D.ROSHAN(STORE KEEPER) | D91: ABBOTSLIGH | E91: 774392434 | F91: 133390 | G91: 1 | H91: 45272 | J91: 732764224V
A92: 67 | B92: 1150393 | C92: SELVAM MARIYAI | D92: ABBOTSLIGH | E92: 764298003 | F92: 138498 | G92: 1 | H92: 45515 | J92: 676263837V
A93: 68 | D93: ABBOTSLIGH
A94: 69 | B94: 1151493 | C94: R.SUBRAMANIYAM | D94: ABBOTSLIGH | F94: 611320 | G94: 1 | H94: 45770 | J94: 593641910X
A95: 70 | D95: ABBOTSLIGH
A96: 71 | B96: 1150221 | C96: RAMASAMI KRISHNAVENI | D96: ABBOTSLIGH | E96: 762066010 | F96: 139512 | G96: 1 | H96: 45953
A97: 72 | D97: ABBOTSLIGH
A98: 73 | B98: 1150134 | C98: YOGA SUNDARAM | D98: ABBOTSLIGH | E98: 761177753 | F98: 114754 | G98: 1 | H98: 45509 | J98: 690784726X
A99: 74 | B99: 1150856 | C99: SANTHAN(MAMA) | D99: ABBOTSLIGH | E99: 770818124 | F99: 259047 | G99: 1 | H99: 45625
A100: 75 | D100: ABBOTSLIGH
...

Sheet BOX DETAILS
A1: BOX DETAILS | E1: BILLING DATE CYCLE
A2: NO | B2: BILLING GROUP | C2: NO OF CONNECTION | D2: AREA | E2: billing_start | F2: billing_end
A3: 1 | B3: 50 ACER | C3: =SUM(ESTATE!G2:G25) -> 16 | D3: 50 ACER | E3: 10 | F3: 15
A4: 2 | B4: ABBOTSLIGH | C4: =SUM(ESTATE!G26:G123) -> 62 | D4: ABBOTSLIGH | E4: 10 | F4: 15
A5: 3 | B5: BRODUC | C5: =SUM(ESTATE!G124:G179) -> 32 | D5: BRODUC | E5: 10 | F5: 15
A6: 4 | B6: COMMERCIAL | C6: =SUM(ESTATE!G180:G192) -> 23 | D6: COMMERCIAL | E6: 10 | F6: 15
A7: 5 | B7: DUNBAR LD | C7: =SUM(ESTATE!G193:G252) -> 26 | D7: DUNBAR LD | E7: 10 | F7: 15
A8: 6 | B8: DUNBAR UD | C8: =SUM(ESTATE!G253:G377) -> 74 | D8: DUNBAR UD | E8: 10 | F8: 15
A9: 7 | B9: DUNBAR SKEAM | C9: =SUM(ESTATE!G378:G386) -> 9 | D9: DUNBAR SKEAM | E9: 10 | F9: 15
A10: 8 | B10: FLORENCE | C10: =SUM(ESTATE!G388:G446) -> 35 | D10: FLORENCE | E10: 10 | F10: 15
A11: 9 | B11: HATTON ES | C11: =SUM(ESTATE!G447:G581) -> 63 | D11: HATTON ES | E11: 10 | F11: 15
A12: 10 | B12: MALBROUGH | C12: =SUM(ESTATE!G582:G721) -> 40 | D12: MALBROUGH | E12: 10 | F12: 15
A13: 11 | B13: MALIYAPU ES | C13: =SUM(ESTATE!G722:G798) -> 52 | D13: MALIYAPU ES | E13: 10 | F13: 15
A14: 12 | B14: MARSK | C14: =SUM(ESTATE!G799:G921) -> 85 | D14: MARSK | E14: 10 | F14: 15
A15: 13 | B15: MONTIFIOR | C15: =SUM(ESTATE!G922:G1027) -> 62 | D15: MONTIFIOR | E15: 10 | F15: 15
A16: 14 | B16: PANMURE | C16: =SUM(ESTATE!G1028:G1207) -> 77 | D16: PANMURE | E16: 10 | F16: 15
A17: 15 | B17: STRATHON | C17: =SUM(ESTATE!G1208:G1385) -> 95 | D17: STRATHON | E17: 10 | F17: 15
A18: 17 | B18: APPROCH ROAD FRUTILL | C18: =COUNTIF(HT!E2:E1011,"APPROCH ROAD FRUTILL") -> 1 | D18: HATTON | E18: 20 | F18: 25
A19: 18 | B19: ARIYAGAMA | C19: =COUNTIF(HT!E2:E1011,"ARIYAGAMA") -> 62 | D19: HATTON | E19: 20 | F19: 25
A20: 19 | B20: B.TOWN | C20: =COUNTIF(HT!E2:E1011,"B.TOWN") -> 107 | D20: HATTON | E20: 20 | F20: 25
A21: 20 | B21: BJAU KOTTAGE | C21: =COUNTIF(HT!E2:E1011,"BJAU KOTTAGE") -> 30 | D21: HATTON | E21: 20 | F21: 25
A22: 21 | B22: BUS STAND | C22: =COUNTIF(HT!E2:E1011,"BUS STAND") -> 15 | D22: HATTON | E22: 20 | F22: 25
A23: 22 | B23: CIRCULAR ROAD | C23: =COUNTIF(HT!E2:E1011,"CIRCULAR ROAD") -> 66 | D23: HATTON | E23: 20 | F23: 25
A24: 23 | B24: DEPPOT ROAD | C24: =COUNTIF(HT!E2:E1011,"DEPPOT ROAD") -> 7 | D24: HATTON | E24: 20 | F24: 25
A25: 24 | B25: DICKOYA HOSPITAL | C25: =COUNTIF(HT!E2:E1011,"DICKOYA HOSPITAL") -> 3 | D25: HATTON | E25: 20 | F25: 25
A26: 25 | B26: DICKOYA ROAD | C26: =COUNTIF(HT!E2:E1011,"DICKOYA ROAD") -> 3 | D26: HATTON | E26: 20 | F26: 25
A27: 26 | B27: DIMBULLA ROAD | C27: =COUNTIF(HT!E2:E1011,"DIMBULLA ROAD") -> 60 | D27: HATTON | E27: 20 | F27: 25
A28: 27 | B28: DUMBRUGIRIYA | C28: =COUNTIF(HT!E2:E1011,"DUMBRUGIRIYA") -> 50 | D28: HATTON | E28: 20 | F28: 25
A29: 28 | B29: DUNBAR ROAD | C29: =COUNTIF(HT!E2:E1011,"DUNBAR ROAD") -> 52 | D29: HATTON | E29: 20 | F29: 25
A30: 29 | B30: HATTON HOUSE | C30: =COUNTIF(HT!E2:E1011,"HATTON HOUSE") -> 2 | D30: HATTON | E30: 20 | F30: 25
A31: 30 | B31: HATTON POLICE | C31: =COUNTIF(HT!E2:E1011,"HATTON POLICE") -> 8 | D31: HATTON | E31: 20 | F31: 25
A32: 31 | B32: HATTON TOWN | C32: =COUNTIF(HT!E2:E1011,"HATTON TOWN") -> 16 | D32: HATTON | E32: 20 | F32: 25
A33: 32 | B33: HIJIRAPURA | C33: =COUNTIF(HT!E2:E1011,"HIJIRAPURA") -> 100 | D33: HATTON | E33: 20 | F33: 25
A34: 33 | B34: HILL STREET | C34: =COUNTIF(HT!E2:E1011,"HILL STREET") -> 17 | D34: HATTON | E34: 20 | F34: 25
A35: 34 | B35: KANDHAIYA BUILDING | C35: =COUNTIF(HT!E2:E1011,"KANDHAIYA BUILDING") -> 13 | D35: HATTON | E35: 20 | F35: 25
A36: 35 | B36: MAIN STREET | C36: =COUNTIF(HT!E2:E1011,"MAIN STREET") -> 1 | D36: HATTON | E36: 20 | F36: 25
A37: 36 | B37: MALLIYAPU TOWN | C37: =COUNTIF(HT!E2:E1011,"MALLIYAPU TOWN") -> 9 | D37: HATTON | E37: 20 | F37: 25
A38: 37 | B38: MARKET | C38: =COUNTIF(HT!E2:E1011,"MARKET") -> 18 | D38: HATTON | E38: 20 | F38: 25
A39: 38 | B39: MENDIS MAWATHA | C39: =COUNTIF(HT!E2:E1011,"MENDIS MAWATHA") -> 34 | D39: HATTON | E39: 20 | F39: 25
A40: 39 | B40: MR TOWN | C40: =COUNTIF(HT!E2:E1011,"MR TOWN") -> 8 | D40: HATTON | E40: 20 | F40: 25
A41: 40 | B41: PONNAGAR | C41: =COUNTIF(HT!E2:E1011,"PONNAGAR") -> 2 | D41: HATTON | E41: 20 | F41: 25
A42: 41 | B42: SAI STREET | C42: =COUNTIF(HT!E2:E1011,"SAI STREET") -> 8 | D42: HATTON | E42: 20 | F42: 25
A43: 42 | B43: SAMANALAGAMA | C43: =COUNTIF(HT!E2:E1011,"SAMANALAGAMA") -> 37 | D43: HATTON | E43: 20 | F43: 25
A44: 43 | B44: SIDE STREET | C44: =COUNTIF(HT!E2:E1011,"SIDE STREET") -> 2 | D44: HATTON | E44: 20 | F44: 25
A45: 44 | B45: STAR SQUARE BUILDING | C45: =COUNTIF(HT!E2:E1011,"STAR SQUARE BUILDING") -> 1 | D45: HATTON | E45: 20 | F45: 25
A46: 45 | B46: SUNDAY FAIR | C46: =COUNTIF(HT!E2:E1011,"SUNDAY FAIR") -> 4 | D46: HATTON | E46: 20 | F46: 25
B47: TOTAL | C47: =SUM(C3:C46) -> 1487

Sheet SMR
A1: NO | B1: A-G NO | C1: NAME | D1: ESTATE | E1: TP | F1: BOX NO | G1: NO OF BOX | H1: CON DATE | I1: Box owners
A2: 1 | B2: 1150847 | C2: MD.POONGANTHA KUMARAVELPURAM | D2: PATHANA | E2: 754034610/752061370 | F2: 281280 | G2: 1 | H2: 45561 | I2: AG
A3: 2 | B3: 1150873 | C3: RANGARAJA SIVAKUMAR | D3: PATHANA | E3: 772321807 | F3: 360084 | G3: 1 | H3: 45571 | I3: AG
A4: 3 | B4: 1150883 | C4: NALLASEGARAM CHANDRAMOHAN | D4: PATHANA | E4: 778255452 | F4: 187800 | G4: 1 | H4: 45573 | I4: AG
A5: 4 | B5: 1150885 | C5: MUTHAIYA PUSHPARAJ | D5: SMR | E5: 76609014 | F5: 188774 | G5: 1 | H5: 45574 | I5: AG
A6: 5 | B6: 1150886 | C6: MUTHAIYA KUMARASAMI | D6: SMR | E6: 769959594 | F6: 357213 | G6: 1 | H6: 45574 | I6: AG
A7: 6 | B7: 1150887 | C7: M.SHANMUGAM | E7: 763048013 | F7: 390818 | G7: 1 | H7: 45574 | I7: AG
A8: 7 | B8: 1150888 | C8: V.SASIKALA | E8: 756213409 | F8: 293228 | G8: 1 | H8: 45574 | I8: AG
A9: 8 | B9: 1150889 | C9: V.KAMALADHASAN | E9: 759474006 | F9: 207483 | G9: 1 | H9: 45574 | I9: AG
A10: 9 | B10: 1150890 | C10: SUBRAMANIYAM KOGILAMANI | E10: 761678257 | F10: 269673 | G10: 1 | H10: 45574 | I10: AG
A11: 10 | B11: 1150891 | C11: R.DHUVAN (RAJARATHNAM) | E11: 761894496 | F11: 214471 | G11: 1 | H11: 45574 | I11: AG
A12: 11 | B12: 1150892 | C12: S.LALITHA | E12: 778024266 | F12: 399116 | G12: 1 | H12: 45574 | I12: AG
A13: 12 | B13: 1150893 | C13: RAJARATHNAM SUNDHARAJ | F13: 441710 | G13: 1 | H13: 45574 | I13: AG
A14: 13 | B14: 1150894 | C14: S.ALAGURAJA | E14: 774554240 | F14: 251523 | G14: 1 | H14: 45574 | I14: AG
A15: 14 | B15: 1150895 | C15: V.KRISHNAMENAN | E15: 764178450 | F15: 411580 | G15: 1 | H15: 45574 | I15: AG
A16: 15 | B16: 1150896 | C16: RAMAJEYAM RANJINI | E16: 72363316 | F16: 180789 | G16: 1 | H16: 45574 | I16: AG
A17: 16 | B17: 1150897 | C17: PERUMAL MAGESHVAR | E17: 772686788 | F17: 450562 | G17: 1 | H17: 45574 | I17: AG
A18: 17 | B18: 1150898 | C18: I.DIVYA | E18: 759389096 | F18: 282536 | G18: 1 | H18: 45574 | I18: AG
A19: 18 | B19: 1150899 | C19: THIYAGARAJ MADASAMI | E19: 778872194 | F19: 201577 | G19: 1 | H19: 45574 | I19: AG
A20: 19 | B20: 1150900 | C20: B.MANOPRIYA | E20: 774869511 | F20: 247117 | G20: 1 | H20: 45574 | I20: AG
A21: 20 | B21: 1150907 | C21: VELU YOGA SENTHAMIL | E21: 769374923 | F21: 223811 | G21: 1 | H21: 45577 | I21: AG
A22: 21 | B22: 1220458 | C22: A.YOGARAJ | E22: 761615718 | F22: 238447 | G22: 1 | H22: 45583 | I22: PK
A23: 22 | B23: 1220457 | C23: RAMAIYA NAGARAJA | E23: 767199866 | F23: 386444 | G23: 1 | H23: 45583 | I23: PK
A24: 23 | B24: 1220459 | C24: SRIKANTH | E24: 77346623 | F24: 379944 | G24: 1 | H24: 45583 | I24: PK
A25: 24 | B25: 1220466 | C25: S.VELLADHURAI | E25: 741604165 | F25: 196140 | G25: 1 | H25: 45583 | I25: PK
... A28: 27 | B28: 1220491 | C28: S.SELVARAJ | E28: 775981673 | F28: 229750 | G28: 1 | H28: 45585 | I28: PK
A29: 28 | B29: 1220505 | C29: V.KIRUBAKARAN | F29: 443567 | G29: 1 | H29: 45585 | I29: PK
A30: 29 | B30: 1220524 | C30: G.PUVANESWARAN | E30: 779532439 | F30: 391709 | G30: 1 | H30: 45587 | I30: PK
A31: 30 | B31: 1220588 | C31: VIJANTHIRAN | E31: 767269394 | F31: 373004 | G31: 1 | H31: 45590 | I31: PK
A32: 31 | B32: 1220589 | C32: PRASHANTHAN | H32: 45590
A33: 32 | B33: 1220615 | C33: JEYANTHAMARY | E33: 740598881 | H33: 45592
A34: 33 | B34: 1220616 | C34: G.SIVARAJA | E34: 763340847 | F34: 263858 | G34: 1 | H34: 45592 | I34: PK
A35: 34 | B35: 1220623 | C35: RAMAKRISHNAN | E35: 776878484 | F35: 248966 | G35: 1 | H35: 45592 | I35: PK
A36: 35 | B36: 1220632 | C36: ARUMUGAM BALAKRISHNAN | E36: 776501337 | F36: 163926 | G36: 1 | H36: 45592 | I36: PK
A37: 36 | B37: 1220633 | C37: ARUMUGAM KRISHNAKUMAR | E37: 776501337 | F37: 258817 | G37: 1 | H37: 45592 | I37: PK
A38: 37 | B38: 1220634 | C38: PERIYASAMY MARUTHAMUTHU | E38: 776501337 | F38: 335920 | G38: 1 | H38: 45592 | I38: PK
A39: 38 | B39: 1220637 | C39: CHANDRABOSE | E39: 702895818 | F39: 343601 | G39: 1 | H39: 45592 | I39: PK
A40: 39 | B40: 1220639 | C40: S.YOGARAJA | E40: 775496052 | F40: 258049 | G40: 1 | H40: 45592 | I40: PK
A41: 40 | B41: 1220650 | C41: VIGNESHWARAN | E41: 771382212 | F41: 354129 | G41: 1 | H41: 45592 | I41: PK
A42: 41 | B42: 1220658 | C42: N.VIJAYANTHINI | E42: 765423187 | F42: 396203 | G42: 1 | H42: 45593 | I42: PK
A43: 42 | B43: 1220660 | C43: SHANMUGANATHAN | E43: 769682102 | F43: 269061 | G43: 1 | H43: 45594 | I43: PK
A44: 43 | B44: 1220675 | C44: THILAGESHVARAN | E44: 768340950 | F44: 313737 | G44: 1 | H44: 45594 | I44: PK
A45: 44 | B45: 1220676 | C45: ARUNTHATHI | E45: 725050028 | F45: 191604 | G45: 1 | H45: 45594 | I45: PK
... A53: 52 | B53: 1151121 | C53: CHANDRAN SIVAPRAN | E53: 754645817 | F53: 355464 | G53: 1 | H53: 45604 | I53: AG
A54: 53 | B54: 1151122 | C54: RAJARATHNAM ANANTHAKALA | E54: 768437090/766003549 | F54: 358039 | G54: 1 | H54: 45604 | I54: AG
A55: 54 | B55: 1151123 | C55: SUBRAMANIYAM MAGESHVARI | E55: 772826996 | F55: 339898 | G55: 1 | H55: 45604 | I55: AG
A56: 55 | B56: 1151136 | C56: R.ANUJA | E56: 71120185 | F56: 438856 | G56: 1 | H56: 45604 | I56: AG
A57: 56 | B57: 4040001 | C57: RAJAGOPAL | D57: PATHANA | E57: 742277120 | F57: 189681 | G57: 1 | H57: 45622 | I57: SEGAR
A58: 57 | B58: 4040002 | C58: S.MANIKKAM | D58: PATHANA | E58: 715668273 | F58: 195910 | G58: 1 | H58: 45622 | I58: SEGAR
A59: 58 | B59: 4040003/1150023 | C59: RAMU MOHAN | D59: PATHANA | E59: 769891224 | F59: 289069 | G59: 1 | H59: 45622 | I59: SEGAR
A60: 59 | B60: 4040004 | C60: SARAWANAN | D60: PATHANA | E60: 779464618 | F60: 305469 | G60: 1 | H60: 45622 | I60: SEGAR
A61: 60 | B61: 4040005 | C61: P.HARIHARAN | D61: PATHANA | E61: 766605672 | F61: 279698 | G61: 1 | H61: 45622 | I61: SEGAR
A62: 61 | B62: 4040006 | C62: S.PREMACHANDRAN | D62: PATHANA | E62: 771660543 | F62: 346455 | G62: 1 | H62: 45622 | I62: SEGAR
A63: 62 | B63: 4040007 | C63: R.KARTHIGESH | D63: PATHANA | E63: 765818931 | F63: 265572 | G63: 1 | H63: 45622 | I63: SEGAR
A64: 63 | B64: 4040008 | C64: G.PRADEEP JEEVAN | D64: PATHANA | E64: 777744518 | F64: 260763 | G64: 1 | H64: 45622 | I64: SEGAR
A65: 64 | B65: 4040009 | C65: T.SRIVALLI | D65: STONICLIFF | E65: 757882563 | F65: 453517 | G65: 1 | H65: 45623 | I65: SEGAR
A66: 65 | B66: 4040010 | C66: BATHMINI | D66: STONICLIFF | E66: 767972449 | F66: 288996 | G66: 1 | H66: 45623 | I66: SEGAR
A67: 66 | B67: 4040011 | C67: S.LETCHUMAN | D67: STONICLIFF | E67: 776545807 | F67: 379415 | G67: 1 | H67: 45623 | I67: SEGAR
A68: 67 | B68: 4040012 | C68: T.SIVABALAN | D68: MOUNTVERNON | E68: 768597466 | F68: 317431 | G68: 1 | H68: 45623 | I68: SEGAR
A69: 68 | B69: 4040013 | C69: T.SATHYARAJ | D69: STONICLIFF | E69: 728504946 | F69: 236995 | G69: 1 | H69: 45623 | I69: SEGAR
A70: 69 | B70: 4040014 | C70: P.SIVAKUMAR | D70: STONICLIFF | E70: 741665956 | F70: 347313 | G70: 1 | H70: 45623 | I70: SEGAR
A71: 70 | B71: 4040015 | C71: S.RAVI | D71: MOUNTVERNON | E71: 777354575 | F71: 359029 | G71: 1 | H71: 45624 | I71: SEGAR
... A78: 77 | B78: 4040022 | C78: MOORTHI NAVIN RAJA | D78: MOUNTVERNON | E78: 767626273 | F78: 609951 | G78: 1 | H78: 45705 | I78: SEGAR
A79: 78 | B79: 4040023 | C79: RAMAN GOBISIVARAM | E79: 761015202 | F79: 560923 | G79: 1 | H79: 45706 | I79: SEGAR
A80: 79 | B80: 4040024 | C80: PALANIYANDY CHANTHIRAMOHAN | E80: 761544282 | F80: 600471 | G80: 1 | H80: 45706 | I80: SEGAR
A81: 80 | B81: 4040025 | C81: SINNAIYA KANNAIYA | E81: 769772883 | F81: 549553 | G81: 1 | H81: 45706 | I81: SEGAR
A82: 81 | B82: 4040026 | C82: KRISHNAN GANTHIMATHI | E82: 762664186 | H82: 45707
A83: 82 | B83: 4040027 | C83: GUNA | E83: 767084243 | F83: 547102 | G83: 1 | H83: 45707 | I83: SEGAR
A84: 83 | B84: 4040028 | C84: RAVIKUMAR | E84: 774507017 | F84: 608961 | G84: 1 | H84: 45707 | I84: SEGAR
A85: 84 | B85: 4040029 | C85: KRISHNAN GANTHIMATHI | E85: 762664186 | F85: 535826 | G85: 1 | H85: 45707 | I85: SEGAR
A86: 85 | B86: 4040030 | C86: S.NAVANEETHAN | E86: 775055818 | F86: 547235 | G86: 1 | H86: 45708 | I86: SEGAR
A87: 86 | B87: 4040031 | C87: M.CHANDRAKALA | E87: 771087846 | F87: 537669 | G87: 1 | H87: 45713 | I87: SEGAR
A88: 87 | B88: 4040032 | C88: SUWARNAN | E88: 765454701 | F88: 437478 | G88: 1 | H88: 45713 | I88: SEGAR
A89: 88 | B89: 4040033 | C89: P.BALAMANI | E89: 770575297 | F89: 634041/615560 | G89: 2 | H89: 45721 | I89: SEGAR
A90: 90 | B90: 4040034 | C90: M.RAJARATHINAM | E90: 761870250 | F90: 560774 | G90: 1 | H90: 45721 | I90: SEGAR
A91: 91 | B91: 4040035 | C91: K.THANUJAN | E91: 770606480 | F91: 511827 | G91: 1 | H91: 45721 | I91: SEGAR
A92: 92 | B92: 4040036 | C92: A.PAKKIYAM | E92: 771258002 | F92: 405764 | G92: 1 | H92: 45721 | I92: SEGAR
F93: =COUNTA(F2:F92) -> 88 | G93: =SUM(G2:G92) -> 89
G95: GANESH | H95: =COUNTIF(I2:I92,"AG") -> 24
G96: KUMARESH | H96: =COUNTIF(I2:I92,"PK") -> 29
G97: SEGAR | H97: =COUNTIF(I2:I92,"SEGAR") -> 35
G98: TOTAL | H98: =SUM(H95:H97) -> 88
